page_name,page_url,user_id,timestamp
Tech | Scientists map deep-sea coral reefs,/articles/scientists-map-deep-sea-coral-reefs,u001,2025-10-26 16:02:57
Tech | Scientists map deep-sea coral reefs,/articles/scientists-map-deep-sea-coral-reefs,u001,2025-10-26 16:03:55
Science | Protein-rich lunches you can make fast,/articles/protein-rich-lunches-you-can-make-fast,u001,2025-10-26 16:06:26
World | Winners and losers from the tax changes,/articles/winners-and-losers-from-the-tax-changes,u001,2025-10-26 16:09:47
Lifestyle | Mortgage rates fall for third month,/articles/mortgage-rates-fall-for-third-month,u001,2025-10-26 16:11:04
Politics | AI start-ups race to raise funding,/articles/ai-start-ups-race-to-raise-funding,u001,2025-10-26 16:12:00
World | Inside the race to build fusion,/articles/inside-the-race-to-build-fusion,u001,2025-10-26 16:14:13
Politics | What the new data rules mean for you,/articles/what-the-new-data-rules-mean-for-you,u001,2025-10-26 16:16:05
Health | The future of home working,/articles/the-future-of-home-working,u001,2025-10-26 16:16:39
Tech | Scientists map deep-sea coral reefs,/articles/scientists-map-deep-sea-coral-reefs,u001,2025-10-26 16:17:07
Register,/register,u001,2025-10-26 16:21:00
Culture | Volcano eruption prompts evacuations,/articles/volcano-eruption-prompts-evacuations,u002,2025-10-26 10:00:54
Culture | Volcano eruption prompts evacuations,/articles/volcano-eruption-prompts-evacuations,u002,2025-10-26 10:03:49
Culture | Start-up founders on surviving downturns,/articles/start-up-founders-on-surviving-downturns,u002,2025-10-26 10:04:44
Tech | UK house prices show signs of stabilising,/articles/uk-house-prices-show-signs-of-stabilising,u002,2025-10-26 10:08:21
Politics | Europe braces for winter storms,/articles/europe-braces-for-winter-storms,u002,2025-10-26 10:11:30
Travel | University rankings shake-up explained,/articles/university-rankings-shake-up-explained,u002,2025-10-26 10:13:33
Tech | Scientists map deep-sea coral reefs,/articles/scientists-map-deep-sea-coral-reefs,u002,2025-10-26 10:16:20
Tech | Championship title race down to the wire,/articles/championship-title-race-down-to-the-wire,u002,2025-10-26 10:16:51
Health | Breakthrough in clean energy storage,/articles/breakthrough-in-clean-energy-storage,u002,2025-10-26 10:18:44
Register,/register,u002,2025-10-26 10:22:53
World | Inside the race to build fusion,/articles/inside-the-race-to-build-fusion,u002,2025-10-26 12:01:50
World | Inside the race to build fusion,/articles/inside-the-race-to-build-fusion,u002,2025-10-26 12:05:20
World | Five habits linked to longer life,/articles/five-habits-linked-to-longer-life,u002,2025-10-26 12:06:16
World | How to sleep better in darker months,/articles/how-to-sleep-better-in-darker-months,u002,2025-10-26 12:08:49
World | Rugby World Cup tactical trends,/articles/rugby-world-cup-tactical-trends,u002,2025-10-26 12:12:23
World | Inside the race to build fusion,/articles/inside-the-race-to-build-fusion,u002,2025-10-26 12:14:53
World | Five habits linked to longer life,/articles/five-habits-linked-to-longer-life,u002,2025-10-26 12:15:08
Health | The etiquette of hybrid working,/articles/the-etiquette-of-hybrid-working,u002,2025-10-26 12:17:56
Business | Inside a pioneering vertical farm,/articles/inside-a-pioneering-vertical-farm,u002,2025-10-26 12:19:33
World | How to sleep better in darker months,/articles/how-to-sleep-better-in-darker-months,u002,2025-10-26 12:21:53
Health | The etiquette of hybrid working,/articles/the-etiquette-of-hybrid-working,u002,2025-10-26 12:23:14
Tech | New smartphone chips promise longer battery life,/articles/new-smartphone-chips-promise-longer-battery-life,u002,2025-10-26 12:24:35
Lifestyle | Mortgage rates fall for third month,/articles/mortgage-rates-fall-for-third-month,u003,2025-10-26 07:01:12
Business | Inside a pioneering vertical farm,/articles/inside-a-pioneering-vertical-farm,u003,2025-10-26 07:01:43
Tech | Championship title race down to the wire,/articles/championship-title-race-down-to-the-wire,u003,2025-10-26 07:02:26
Culture | Top museums to visit this weekend,/articles/top-museums-to-visit-this-weekend,u003,2025-10-26 07:03:24
Sport | What next for interest rates?,/articles/what-next-for-interest-rates,u003,2025-10-26 07:03:40
Science | How to back up your photos,/articles/how-to-back-up-your-photos,u003,2025-10-26 07:03:44
Culture | Top museums to visit this weekend,/articles/top-museums-to-visit-this-weekend,u003,2025-10-26 07:04:33
Travel | University rankings shake-up explained,/articles/university-rankings-shake-up-explained,u003,2025-10-26 07:06:29
World | Winners and losers from the tax changes,/articles/winners-and-losers-from-the-tax-changes,u003,2025-10-26 07:07:19
Business | The ultimate guide to marathon tapering,/articles/the-ultimate-guide-to-marathon-tapering,u003,2025-10-26 07:09:05
Science | How to back up your photos,/articles/how-to-back-up-your-photos,u003,2025-10-26 07:10:18
Science | Protein-rich lunches you can make fast,/articles/protein-rich-lunches-you-can-make-fast,u003,2025-10-26 07:13:03
Register,/register,u003,2025-10-26 07:13:49
World | How to negotiate your salary,/articles/how-to-negotiate-your-salary,u004,2025-10-26 09:00:30
World | Winners and losers from the tax changes,/articles/winners-and-losers-from-the-tax-changes,u004,2025-10-26 09:02:28
Tech | New smartphone chips promise longer battery life,/articles/new-smartphone-chips-promise-longer-battery-life,u004,2025-10-26 09:05:49
World | How to negotiate your salary,/articles/how-to-negotiate-your-salary,u004,2025-10-26 09:07:30
Tech | Championship title race down to the wire,/articles/championship-title-race-down-to-the-wire,u004,2025-10-26 18:02:13
Tech | Scientists map deep-sea coral reefs,/articles/scientists-map-deep-sea-coral-reefs,u004,2025-10-26 18:03:31
Business | Critics hail revival of classic play,/articles/critics-hail-revival-of-classic-play,u005,2025-10-26 18:01:22
Tech | Flu season: What doctors want you to know,/articles/flu-season--what-doctors-want-you-to-know,u005,2025-10-26 18:04:57
Health | Space agency unveils lunar plans,/articles/space-agency-unveils-lunar-plans,u005,2025-10-26 18:04:57
Health | Space agency unveils lunar plans,/articles/space-agency-unveils-lunar-plans,u005,2025-10-26 18:04:57
Lifestyle | Mortgage rates fall for third month,/articles/mortgage-rates-fall-for-third-month,u005,2025-10-26 18:08:32
Health | Space agency unveils lunar plans,/articles/space-agency-unveils-lunar-plans,u005,2025-10-26 18:10:43
Tech | New smartphone chips promise longer battery life,/articles/new-smartphone-chips-promise-longer-battery-life,u006,2025-10-26 17:01:18
Business | The ultimate guide to marathon tapering,/articles/the-ultimate-guide-to-marathon-tapering,u006,2025-10-26 17:04:01
Tech | UK house prices show signs of stabilising,/articles/uk-house-prices-show-signs-of-stabilising,u006,2025-10-26 17:06:48
Business | Inside a pioneering vertical farm,/articles/inside-a-pioneering-vertical-farm,u006,2025-10-26 17:07:13
Business | The ultimate guide to marathon tapering,/articles/the-ultimate-guide-to-marathon-tapering,u006,2025-10-26 17:10:06
Business | The ultimate guide to marathon tapering,/articles/the-ultimate-guide-to-marathon-tapering,u006,2025-10-26 17:10:41
Business | Critics hail revival of classic play,/articles/critics-hail-revival-of-classic-play,u006,2025-10-26 17:12:43
Tech | Championship title race down to the wire,/articles/championship-title-race-down-to-the-wire,u006,2025-10-26 17:15:46
Tech | Scientists map deep-sea coral reefs,/articles/scientists-map-deep-sea-coral-reefs,u006,2025-10-26 17:18:30
Business | Inside a pioneering vertical farm,/articles/inside-a-pioneering-vertical-farm,u006,2025-10-26 17:21:09
Register,/register,u007,2025-10-26 10:00:00
Sport | What next for interest rates?,/articles/what-next-for-interest-rates,u007,2025-10-26 10:01:27
Sport | Markets rally as inflation cools,/articles/markets-rally-as-inflation-cools,u007,2025-10-26 10:02:22
Sport | Markets rally as inflation cools,/articles/markets-rally-as-inflation-cools,u007,2025-10-26 10:04:29
Sport | Electric cars: charging myths debunked,/articles/electric-cars--charging-myths-debunked,u007,2025-10-26 10:08:17
Sport | Electric cars: charging myths debunked,/articles/electric-cars--charging-myths-debunked,u007,2025-10-26 10:10:51
Tech | Championship title race down to the wire,/articles/championship-title-race-down-to-the-wire,u007,2025-10-26 10:14:06
Tech | Streaming service announces new series,/articles/streaming-service-announces-new-series,u007,2025-10-26 10:15:38
World | Five habits linked to longer life,/articles/five-habits-linked-to-longer-life,u008,2025-10-26 06:03:51
Travel | Hidden gems for autumn city breaks,/articles/hidden-gems-for-autumn-city-breaks,u008,2025-10-26 06:04:19
Sport | Electric cars: charging myths debunked,/articles/electric-cars--charging-myths-debunked,u008,2025-10-26 06:04:57
World | Art exhibition draws record crowds,/articles/art-exhibition-draws-record-crowds,u008,2025-10-26 06:07:54
Sport | What next for interest rates?,/articles/what-next-for-interest-rates,u008,2025-10-26 06:09:57
Sport | What next for interest rates?,/articles/what-next-for-interest-rates,u008,2025-10-26 06:13:44
Register,/register,u008,2025-10-26 06:13:55
Culture | Start-up founders on surviving downturns,/articles/start-up-founders-on-surviving-downturns,u008,2025-10-26 06:15:11
Lifestyle | Mortgage rates fall for third month,/articles/mortgage-rates-fall-for-third-month,u008,2025-10-26 14:02:34
Health | The rise of slow travel,/articles/the-rise-of-slow-travel,u008,2025-10-26 14:02:58
Lifestyle | Remembering a legendary conductor,/articles/remembering-a-legendary-conductor,u008,2025-10-26 16:02:53
Lifestyle | Mortgage rates fall for third month,/articles/mortgage-rates-fall-for-third-month,u008,2025-10-26 16:06:19
World | Art exhibition draws record crowds,/articles/art-exhibition-draws-record-crowds,u008,2025-10-26 16:07:13
Lifestyle | Mortgage rates fall for third month,/articles/mortgage-rates-fall-for-third-month,u008,2025-10-26 16:08:28
Lifestyle | The best hikes near London,/articles/the-best-hikes-near-london,u008,2025-10-26 16:12:24
Sport | Electric cars: charging myths debunked,/articles/electric-cars--charging-myths-debunked,u008,2025-10-26 16:13:20
Tech | New smartphone chips promise longer battery life,/articles/new-smartphone-chips-promise-longer-battery-life,u009,2025-10-26 06:01:44
Tech | New smartphone chips promise longer battery life,/articles/new-smartphone-chips-promise-longer-battery-life,u009,2025-10-26 06:04:43
Tech | Scientists map deep-sea coral reefs,/articles/scientists-map-deep-sea-coral-reefs,u009,2025-10-26 06:07:08
Sport | Electric cars: charging myths debunked,/articles/electric-cars--charging-myths-debunked,u009,2025-10-26 06:09:05
Tech | Scientists map deep-sea coral reefs,/articles/scientists-map-deep-sea-coral-reefs,u009,2025-10-26 06:12:13
Sport | Gardeners’ tips for late blooms,/articles/gardeners--tips-for-late-blooms,u009,2025-10-26 06:16:03
Tech | UK house prices show signs of stabilising,/articles/uk-house-prices-show-signs-of-stabilising,u009,2025-10-26 06:18:35
Tech | New smartphone chips promise longer battery life,/articles/new-smartphone-chips-promise-longer-battery-life,u009,2025-10-26 06:20:14
Travel | Investor guide to dividend stocks,/articles/investor-guide-to-dividend-stocks,u009,2025-10-26 06:20:36
Sport | Markets rally as inflation cools,/articles/markets-rally-as-inflation-cools,u009,2025-10-26 06:21:23
Register,/register,u009,2025-10-26 06:22:59
World | Recipe: One-pan roast chicken,/articles/recipe--one-pan-roast-chicken,u009,2025-10-26 06:23:34
Lifestyle | The best hikes near London,/articles/the-best-hikes-near-london,u009,2025-10-26 12:03:10
Lifestyle | The best hikes near London,/articles/the-best-hikes-near-london,u009,2025-10-26 12:06:29
World | Budget 2025: What it means for households,/articles/budget-2025--what-it-means-for-households,u009,2025-10-26 12:09:53
Health | The psychology of procrastination,/articles/the-psychology-of-procrastination,u009,2025-10-26 12:13:16
Culture | Start-up founders on surviving downturns,/articles/start-up-founders-on-surviving-downturns,u010,2025-10-26 07:02:14
World | Rugby World Cup tactical trends,/articles/rugby-world-cup-tactical-trends,u010,2025-10-26 07:04:22
Culture | Gadget gifts under £100,/articles/gadget-gifts-under--100,u010,2025-10-26 07:06:30
Culture | Volcano eruption prompts evacuations,/articles/volcano-eruption-prompts-evacuations,u010,2025-10-26 07:09:37
Sport | Electric cars: charging myths debunked,/articles/electric-cars--charging-myths-debunked,u010,2025-10-26 07:10:46
World | Rugby World Cup tactical trends,/articles/rugby-world-cup-tactical-trends,u010,2025-10-26 07:13:11
World | Budget 2025: What it means for households,/articles/budget-2025--what-it-means-for-households,u010,2025-10-26 07:15:27
Culture | Gadget gifts under £100,/articles/gadget-gifts-under--100,u010,2025-10-26 07:19:05
World | How to negotiate your salary,/articles/how-to-negotiate-your-salary,u010,2025-10-26 07:22:43
Tech | Flu season: What doctors want you to know,/articles/flu-season--what-doctors-want-you-to-know,u011,2025-10-26 07:02:21
Travel | Hidden gems for autumn city breaks,/articles/hidden-gems-for-autumn-city-breaks,u011,2025-10-26 07:04:18
Tech | Flu season: What doctors want you to know,/articles/flu-season--what-doctors-want-you-to-know,u011,2025-10-26 07:05:35
Culture | Volcano eruption prompts evacuations,/articles/volcano-eruption-prompts-evacuations,u011,2025-10-26 07:06:27
Tech | Championship title race down to the wire,/articles/championship-title-race-down-to-the-wire,u011,2025-10-26 07:09:29
World | Winners and losers from the tax changes,/articles/winners-and-losers-from-the-tax-changes,u011,2025-10-26 07:12:40
Culture | Top museums to visit this weekend,/articles/top-museums-to-visit-this-weekend,u011,2025-10-26 07:12:56
Lifestyle | The best hikes near London,/articles/the-best-hikes-near-london,u011,2025-10-26 16:02:09
Lifestyle | The best hikes near London,/articles/the-best-hikes-near-london,u011,2025-10-26 16:03:04
Lifestyle | Mortgage rates fall for third month,/articles/mortgage-rates-fall-for-third-month,u011,2025-10-26 16:06:29
Lifestyle | Major airline plans new transatlantic route,/articles/major-airline-plans-new-transatlantic-route,u011,2025-10-26 16:10:24
Lifestyle | The best hikes near London,/articles/the-best-hikes-near-london,u011,2025-10-26 16:12:40
Lifestyle | Major airline plans new transatlantic route,/articles/major-airline-plans-new-transatlantic-route,u011,2025-10-26 16:14:50
Lifestyle | The best hikes near London,/articles/the-best-hikes-near-london,u011,2025-10-26 16:16:11
Lifestyle | The best hikes near London,/articles/the-best-hikes-near-london,u011,2025-10-26 16:19:38
Register,/register,u011,2025-10-26 16:22:09
Sport | Gardeners’ tips for late blooms,/articles/gardeners--tips-for-late-blooms,u012,2025-10-26 16:01:59
Tech | Championship title race down to the wire,/articles/championship-title-race-down-to-the-wire,u012,2025-10-26 16:03:38
Travel | Investor guide to dividend stocks,/articles/investor-guide-to-dividend-stocks,u012,2025-10-26 16:06:11
Sport | What next for interest rates?,/articles/what-next-for-interest-rates,u012,2025-10-26 16:08:25
Travel | Investor guide to dividend stocks,/articles/investor-guide-to-dividend-stocks,u012,2025-10-26 16:10:26
Register,/register,u012,2025-10-26 16:14:11
Health | The etiquette of hybrid working,/articles/the-etiquette-of-hybrid-working,u013,2025-10-26 06:00:47
Sport | Electric cars: charging myths debunked,/articles/electric-cars--charging-myths-debunked,u013,2025-10-26 06:03:41
Politics | Cyberattack disrupts major retailer,/articles/cyberattack-disrupts-major-retailer,u013,2025-10-26 06:06:12
Science | Protein-rich lunches you can make fast,/articles/protein-rich-lunches-you-can-make-fast,u013,2025-10-26 06:06:33
Politics | Prime Minister faces questions over policy shift,/articles/prime-minister-faces-questions-over-policy-shift,u013,2025-10-26 06:08:28
Politics | What the new data rules mean for you,/articles/what-the-new-data-rules-mean-for-you,u013,2025-10-26 06:11:14
Lifestyle | Remembering a legendary conductor,/articles/remembering-a-legendary-conductor,u013,2025-10-26 06:13:53
Lifestyle | Major airline plans new transatlantic route,/articles/major-airline-plans-new-transatlantic-route,u013,2025-10-26 17:02:15
Lifestyle | Remembering a legendary conductor,/articles/remembering-a-legendary-conductor,u013,2025-10-26 17:02:34
Lifestyle | Star striker completes big-money move,/articles/star-striker-completes-big-money-move,u013,2025-10-26 17:06:00
Lifestyle | Remembering a legendary conductor,/articles/remembering-a-legendary-conductor,u013,2025-10-26 17:08:33
Science | Protein-rich lunches you can make fast,/articles/protein-rich-lunches-you-can-make-fast,u013,2025-10-26 17:09:01
Lifestyle | Major airline plans new transatlantic route,/articles/major-airline-plans-new-transatlantic-route,u013,2025-10-26 17:10:45
Lifestyle | Mortgage rates fall for third month,/articles/mortgage-rates-fall-for-third-month,u013,2025-10-26 17:11:57
Culture | Volcano eruption prompts evacuations,/articles/volcano-eruption-prompts-evacuations,u014,2025-10-26 16:00:54
Register,/register,u014,2025-10-26 16:05:06
Science | How to back up your photos,/articles/how-to-back-up-your-photos,u014,2025-10-26 18:01:56
Science | Protein-rich lunches you can make fast,/articles/protein-rich-lunches-you-can-make-fast,u014,2025-10-26 18:05:14
Lifestyle | Mortgage rates fall for third month,/articles/mortgage-rates-fall-for-third-month,u014,2025-10-26 18:06:19
World | Five habits linked to longer life,/articles/five-habits-linked-to-longer-life,u014,2025-10-26 18:06:53
Science | How to back up your photos,/articles/how-to-back-up-your-photos,u014,2025-10-26 18:09:39
Science | How to back up your photos,/articles/how-to-back-up-your-photos,u014,2025-10-26 18:12:50
World | Rugby World Cup tactical trends,/articles/rugby-world-cup-tactical-trends,u015,2025-10-26 17:03:01
Culture | Top museums to visit this weekend,/articles/top-museums-to-visit-this-weekend,u015,2025-10-26 17:04:25
World | Recipe: One-pan roast chicken,/articles/recipe--one-pan-roast-chicken,u015,2025-10-26 17:07:17
World | Five habits linked to longer life,/articles/five-habits-linked-to-longer-life,u015,2025-10-26 17:10:58
World | Rugby World Cup tactical trends,/articles/rugby-world-cup-tactical-trends,u015,2025-10-26 17:13:30
Culture | Volcano eruption prompts evacuations,/articles/volcano-eruption-prompts-evacuations,u015,2025-10-26 17:17:03
Politics | Europe braces for winter storms,/articles/europe-braces-for-winter-storms,u015,2025-10-26 17:19:21
Politics | What the new data rules mean for you,/articles/what-the-new-data-rules-mean-for-you,u015,2025-10-26 17:21:35
World | Winners and losers from the tax changes,/articles/winners-and-losers-from-the-tax-changes,u016,2025-10-26 17:03:52
World | Winners and losers from the tax changes,/articles/winners-and-losers-from-the-tax-changes,u016,2025-10-26 17:05:30
World | Recipe: One-pan roast chicken,/articles/recipe--one-pan-roast-chicken,u016,2025-10-26 17:06:31
World | Winners and losers from the tax changes,/articles/winners-and-losers-from-the-tax-changes,u016,2025-10-26 17:08:50
Science | How to back up your photos,/articles/how-to-back-up-your-photos,u016,2025-10-26 17:10:20
World | Rugby World Cup tactical trends,/articles/rugby-world-cup-tactical-trends,u016,2025-10-26 17:10:42
Register,/register,u016,2025-10-26 17:11:12
Tech | Why everyone is talking about magnesium,/articles/why-everyone-is-talking-about-magnesium,u016,2025-10-26 17:11:50
Science | How to back up your photos,/articles/how-to-back-up-your-photos,u017,2025-10-26 17:02:03
Science | Protein-rich lunches you can make fast,/articles/protein-rich-lunches-you-can-make-fast,u017,2025-10-26 17:05:28
Science | Protein-rich lunches you can make fast,/articles/protein-rich-lunches-you-can-make-fast,u017,2025-10-26 17:08:03
Science | Protein-rich lunches you can make fast,/articles/protein-rich-lunches-you-can-make-fast,u017,2025-10-26 17:09:42
Science | How to back up your photos,/articles/how-to-back-up-your-photos,u017,2025-10-26 17:11:27
Science | How to back up your photos,/articles/how-to-back-up-your-photos,u017,2025-10-26 17:14:41
World | Winners and losers from the tax changes,/articles/winners-and-losers-from-the-tax-changes,u017,2025-10-26 17:15:50
Register,/register,u017,2025-10-26 17:17:27
Tech | Flu season: What doctors want you to know,/articles/flu-season--what-doctors-want-you-to-know,u018,2025-10-26 17:02:31
Tech | UK house prices show signs of stabilising,/articles/uk-house-prices-show-signs-of-stabilising,u018,2025-10-26 17:03:18
Tech | Why everyone is talking about magnesium,/articles/why-everyone-is-talking-about-magnesium,u018,2025-10-26 17:04:43
Tech | New smartphone chips promise longer battery life,/articles/new-smartphone-chips-promise-longer-battery-life,u018,2025-10-26 17:05:09
Politics | Cyberattack disrupts major retailer,/articles/cyberattack-disrupts-major-retailer,u018,2025-10-26 17:05:37
Tech | Championship title race down to the wire,/articles/championship-title-race-down-to-the-wire,u018,2025-10-26 17:08:13
Tech | Streaming service announces new series,/articles/streaming-service-announces-new-series,u018,2025-10-26 17:09:42
Health | The rise of slow travel,/articles/the-rise-of-slow-travel,u019,2025-10-26 18:00:36
Health | The rise of slow travel,/articles/the-rise-of-slow-travel,u019,2025-10-26 18:01:54
Culture | Gadget gifts under £100,/articles/gadget-gifts-under--100,u019,2025-10-26 18:02:39
Health | Breakthrough in clean energy storage,/articles/breakthrough-in-clean-energy-storage,u019,2025-10-26 18:05:16
Health | Breakthrough in clean energy storage,/articles/breakthrough-in-clean-energy-storage,u019,2025-10-26 18:08:46
Health | The psychology of procrastination,/articles/the-psychology-of-procrastination,u019,2025-10-26 18:10:47
Health | The rise of slow travel,/articles/the-rise-of-slow-travel,u019,2025-10-26 18:13:37
Health | The etiquette of hybrid working,/articles/the-etiquette-of-hybrid-working,u019,2025-10-26 18:16:24
Travel | Hidden gems for autumn city breaks,/articles/hidden-gems-for-autumn-city-breaks,u020,2025-10-26 14:01:28
Lifestyle | Mortgage rates fall for third month,/articles/mortgage-rates-fall-for-third-month,u020,2025-10-26 14:04:43
World | Art exhibition draws record crowds,/articles/art-exhibition-draws-record-crowds,u020,2025-10-26 14:06:10
Travel | University rankings shake-up explained,/articles/university-rankings-shake-up-explained,u020,2025-10-26 14:09:24
Travel | Investor guide to dividend stocks,/articles/investor-guide-to-dividend-stocks,u020,2025-10-26 14:13:19
Lifestyle | The best hikes near London,/articles/the-best-hikes-near-london,u020,2025-10-26 14:15:30
Travel | Hidden gems for autumn city breaks,/articles/hidden-gems-for-autumn-city-breaks,u020,2025-10-26 14:16:03
Travel | Workouts that actually fit into lunch,/articles/workouts-that-actually-fit-into-lunch,u020,2025-10-26 14:19:13
Lifestyle | Star striker completes big-money move,/articles/star-striker-completes-big-money-move,u020,2025-10-26 14:20:27
